Electoral District (2013 Representation Order),Province/Territory,Population (2021 Census),% Filipinos,Number of Filipinos (2021 Census),Number of Filipinos (2016 Census),% of Population with Knowledge of French,Healthcare Workers (NOC Classification),Number of Recent Immigrants (2016-2021),Recent Immigrants from PH (2016-2021),Number of People with Bachelors Degree or Higher,Median Age,Bikol Mother Tongue,"Bisaya, n.o.s. Mother Tongue",Cebuano Mother Tongue,Hiligaynon Mother Tongue,Ilocano Mother Tongue,Kankanaey Mother Tongue,Kinaray-a Mother Tongue,Pampangan Mother Tongue,Pangasinan Mother Tongue,Tagalog Mother Tongue,Waray-Waray Mother Tongue,Second Most Spoken Philippine Language,"Healthcare Workers (per 100,000)",% of Recent Immigrants from PH (2016-2021),"Number of People with Bachelors Degree or Higher (per 100,000)",Filipino Growth Rate % (2016-2021),% Second Most Spoken Philippine Language,"Recent Migrants from the Philippines per 100,000"
Avalon,Newfoundland and Labrador,87191,0.1,120,65,0,3850,185,15,11170,46.8,0,0,5,0,5,0,0,0,0,45,0,Mixed (more than two),4415.59,8.11,12810.96,84.62,18.18,17.20
Bonavista--Burin--Trinity,Newfoundland and Labrador,71898,0.2,110,70,0,2160,120,35,4645,54.8,0,0,0,0,5,0,0,0,0,50,0,Ilocano,3004.26,29.17,6460.54,57.14,9.09,48.68
Coast of Bays--Central--Notre Dame,Newfoundland and Labrador,74201,0.2,115,80,0,3210,200,50,5945,52.8,0,0,5,0,5,0,0,0,0,70,0,Cebuano & Ilocano,4326.09,25.00,8012.02,43.75,12.5,67.38
Labrador,Newfoundland and Labrador,26655,2.7,710,425,0.2,695,525,305,2570,38.8,5,0,15,0,15,0,0,0,0,385,0,Cebuano & Ilocano,2607.39,58.10,9641.72,67.06,7.14,1144.25
Long Range Mountains,Newfoundland and Labrador,81716,0.3,215,155,0,3535,300,120,8335,53.2,0,0,15,0,0,0,0,0,0,115,0,Cebuano,4325.96,40.00,10199.96,38.71,11.46,146.85
St. John's East,Newfoundland and Labrador,87345,0.7,580,385,0,4505,1900,255,24150,42,0,10,15,10,10,0,0,0,0,300,0,Cebuano,5157.71,13.42,27648.98,50.65,4.34,291.95
St. John's South--Mount Pearl,Newfoundland and Labrador,81544,0.5,430,210,0,3555,1040,160,15365,44,5,0,10,5,5,0,0,0,0,215,0,Cebuano,4359.61,15.38,18842.59,104.76,4.15,196.21
Cardigan,PEI,39866,0.1,45,60,0.1,1880,905,15,7045,43.6,0,0,0,0,0,0,0,0,0,50,0,NONE,4715.80,1.66,17671.70,-25.00,0,37.63
Charlottetown,PEI,38809,1.2,450,275,0.1,1745,2690,125,10035,40.8,0,5,15,0,10,0,0,0,0,220,0,Cebuano,4496.38,4.65,25857.40,63.64,5.98,322.09
Egmont,PEI,35925,2.6,910,280,0.2,1380,680,355,3740,46.8,5,0,20,5,15,0,0,5,0,705,0,Cebuano,3841.34,52.21,10410.58,225.00,2.65,988.17
Malpeque,PEI,39731,0.9,355,60,0.1,1810,585,135,7075,44.8,0,0,5,0,5,0,0,0,0,190,0,Cebuano & Ilocano,4555.64,23.08,17807.25,491.67,5,339.79
Cape Breton--Canso,Nova Scotia,71380,0.2,155,70,0.1,3340,365,55,9095,52,5,0,0,5,0,0,0,0,0,100,0,Bikol & Hiligaynon,4679.18,15.07,12741.66,121.43,9.09,77.05
Central Nova,Nova Scotia,73188,0.6,440,170,0,3500,535,210,10925,50,0,10,15,10,5,0,0,0,0,220,0,Cebuano,4782.20,39.25,14927.31,158.82,5.75,286.93
Cumberland--Colchester,Nova Scotia,82014,0.4,295,190,0,3605,610,90,10650,49.6,0,0,25,5,5,0,0,0,0,165,0,Cebuano,4395.59,14.75,12985.59,55.26,12.45,109.74
Dartmouth--Cole Harbour,Nova Scotia,96165,1.3,1225,745,0.1,3935,2235,395,22990,42.4,0,30,45,10,15,0,0,5,0,625,0,Cebuano,4091.93,17.67,23906.83,64.43,6.16,410.75
Halifax,Nova Scotia,107010,1.1,1160,660,0.1,6400,5715,390,43245,34.8,5,15,45,20,15,0,0,0,0,565,0,Cebuano,5980.75,6.82,40412.11,75.76,6.76,364.45
Halifax West,Nova Scotia,111944,1.4,1600,1065,0.1,5685,8815,620,35780,39.6,5,10,70,10,20,0,0,0,0,845,5,Cebuano,5078.43,7.03,31962.41,50.23,7.25,553.85
Kings--Hants,Nova Scotia,87744,0.6,515,205,0,3765,700,210,14330,46.8,0,5,10,5,10,0,0,0,5,215,0,Cebuano & Ilocano,4290.89,30.00,16331.60,151.22,8,239.33
Sackville--Preston--Chezzetcook,Nova Scotia,89524,0.5,425,85,0,4035,965,145,15620,43.2,0,5,10,5,15,0,0,0,0,155,0,Ilocano,4507.17,15.03,17447.84,400.00,7.89,161.97
South Shore--St. Margarets,Nova Scotia,94482,0.3,245,60,0,3940,625,40,15640,52.4,0,0,5,0,0,0,0,0,0,95,0,Cebuano,4170.11,6.40,16553.42,308.33,4.95,42.34
Sydney--Victoria,Nova Scotia,72361,0.5,330,105,0,3675,380,90,10875,48.8,0,0,5,0,0,0,0,0,0,160,0,Cebuano,5078.70,23.68,15028.81,214.29,3.01,124.38
West Nova,Nova Scotia,83571,0.3,230,45,0.2,3535,430,85,9585,51.6,0,0,0,0,0,0,0,0,0,105,0,NONE,4229.94,19.77,11469.29,411.11,0,101.71
Acadie--Bathurst,New Brunswick,77594,0.2,185,80,38.1,3790,295,100,7980,53.6,5,0,10,0,0,0,0,0,0,65,0,Cebuano,4884.40,33.90,10284.30,131.25,12.37,128.88
Beauséjour,New Brunswick,88797,1.2,1060,0,5.4,3980,1495,505,13845,48,0,10,40,5,25,0,0,5,0,550,0,Cebuano,4482.13,33.78,15591.74,#DIV/0!,6.29,568.71
Fredericton,New Brunswick,87436,0.8,650,55,0.5,3675,3525,335,23595,39.6,5,10,45,5,5,0,0,0,0,300,0,Cebuano,4203.07,9.50,26985.45,1081.82,12.14,383.14
Fundy Royal,New Brunswick,83721,0.2,145,190,0.2,3590,700,50,12190,45.6,0,0,10,0,0,0,0,0,0,65,0,Cebuano,4288.05,7.14,14560.27,-23.68,13.18,59.72
Madawaska--Restigouche,New Brunswick,60184,0.1,70,25,32,3265,410,15,6470,52.8,0,0,0,0,0,0,0,0,0,45,0,NONE,5425.03,3.66,10750.37,180.00,0,24.92
Miramichi--Grand Lake,New Brunswick,57520,0.5,270,70,4.9,2290,340,145,5180,51.2,0,0,5,5,0,5,0,0,0,150,0,Mixed (more than two),3981.22,42.65,9005.56,285.71,9.09,252.09
Moncton--Riverview--Dieppe,New Brunswick,101237,1.3,1325,485,2.8,4865,5495,625,20835,41.6,0,25,65,5,15,0,0,0,0,665,10,Cebuano,4805.56,11.37,20580.42,173.20,8.27,617.36
New Brunswick Southwest,New Brunswick,67781,0.6,380,315,0.2,2690,420,100,9385,47.6,0,15,10,0,10,0,0,0,0,255,0,Cebuano & Ilocano,3968.66,23.81,13846.06,20.63,6.9,147.53
Saint John--Rothesay,New Brunswick,81996,0.9,730,215,0.2,3890,2700,315,14675,44.4,0,5,35,10,10,0,0,0,0,360,0,Cebuano,4744.13,11.67,17897.21,239.53,8.32,384.17
Tobique--Mactaquac,New Brunswick,69344,0.5,365,160,2,2700,650,140,8715,47.2,0,5,0,0,0,0,0,5,0,130,0,"Bisaya, n.o.s. & Pampangan",3893.63,21.54,12567.78,128.13,7.14,201.89
Abitibi--Baie-James--Nunavik--Eeyou,Quebec,89087,0.2,205,35,43.1,2795,360,0,6835,35.6,0,0,0,0,0,0,0,0,0,110,5,Waray-Waray,3137.38,0.00,7672.28,485.71,4.35,0.00
Abitibi--Témiscamingue,Quebec,103735,0.1,120,30,68.5,4070,390,20,10630,44.4,0,0,0,0,0,0,0,0,0,20,0,NONE,3923.46,5.13,10247.26,300.00,0,19.28
Ahuntsic-Cartierville,Quebec,118170,0.4,470,345,30.2,5320,8750,75,34825,40.8,0,0,15,5,10,0,0,5,0,175,0,Cebuano,4501.99,0.86,29470.25,36.23,7.11,63.47
Alfred-Pellan,Quebec,102020,0.2,165,165,37.9,4835,1945,10,19400,43.6,0,0,5,0,5,0,0,0,0,70,0,Cebuano & Ilocano,4739.27,0.51,19015.88,0.00,12.5,9.80
Argenteuil--La Petite-Nation,Quebec,102311,0.1,75,30,43.5,3440,265,15,10645,49.2,0,5,5,0,5,0,0,0,0,30,0,Cebuano & Ilocano,3362.30,5.66,10404.55,150.00,22.22,14.66
Avignon--La Mitis--Matane--Matapédia,Quebec,70253,0.1,40,0,78.5,2770,85,0,6205,52.4,0,0,5,0,0,0,0,0,0,0,0,Cebuano,3942.89,0.00,8832.36,#DIV/0!,100,0.00
Beauce,Quebec,111034,0.1,105,10,74.9,4145,435,0,10060,43.6,0,0,0,0,5,0,0,0,0,70,0,Ilocano,3733.09,0.00,9060.29,950.00,6.67,0.00
Beauport--Limoilou,Quebec,96064,0.1,90,10,61.2,5075,2585,15,17855,43.6,0,0,0,0,0,0,0,0,0,25,0,NONE,5282.94,0.58,18586.57,800.00,0,15.61
Bécancour--Nicolet--Saurel,Quebec,96439,0.1,55,40,73.2,4205,180,10,9380,50,0,0,5,0,0,0,0,0,0,35,0,Cebuano,4360.27,5.56,9726.36,37.50,12.23,10.37
Bellechasse--Les Etchemins--Lévis,Quebec,120179,0.1,150,50,69.2,5520,1015,0,17890,46.8,0,0,5,0,0,0,0,0,0,50,0,Cebuano,4593.15,0.00,14886.13,200.00,8.94,0.00
Beloeil--Chambly,Quebec,125359,0.1,90,35,48.3,5525,895,10,23330,41.6,5,0,0,0,0,0,0,0,0,15,0,Bikol,4407.34,1.12,18610.55,157.14,25,7.98
Berthier--Maskinongé,Quebec,105280,0.1,65,25,73.1,3930,250,0,9670,48.8,0,0,0,0,0,0,0,0,0,80,0,NONE,3732.90,0.00,9185.03,160.00,0,0.00
Thérèse-De Blainville,Quebec,106013,0.1,130,90,40.6,4795,1330,25,20025,43.2,0,0,5,0,5,0,0,0,0,40,0,Cebuano & Ilocano,4523.03,1.88,18889.19,44.44,20,23.58
Pierre-Boucher--Les Patriotes--Verchères,Quebec,103020,0.1,80,50,49.8,4135,985,0,21895,43.6,0,0,5,0,0,0,0,0,0,20,0,Cebuano,4013.78,0.00,21253.15,60.00,19.38,0.00
Bourassa,Quebec,105637,0.2,180,105,50.9,5360,5515,50,13845,40.8,0,0,5,0,0,0,0,0,0,55,0,Cebuano,5073.98,0.91,13106.20,71.43,8.21,47.33
Brome--Missisquoi,Quebec,113913,0.1,90,70,42.8,4250,415,0,20120,52,0,0,5,0,5,0,0,0,0,45,0,Cebuano & Ilocano,3730.92,0.00,17662.60,28.57,18.18,0.00
Brossard--Saint-Lambert,Quebec,114286,0.8,855,785,20.2,4020,5725,55,36245,43.6,5,5,20,5,15,0,0,5,5,365,0,Cebuano,3517.49,0.96,31714.30,8.92,4.7,48.12
Rimouski-Neigette--Témiscouata--Les Basques,Quebec,85556,0.0,0,10,76.5,4205,410,0,12780,50,0,0,5,0,0,0,0,0,0,0,0,Cebuano,4914.91,0.00,14937.58,-100.00,100,0.00
Charlesbourg--Haute-Saint-Charles,Quebec,109690,0.1,55,35,63.9,5620,1800,0,18175,43.2,0,0,5,0,0,0,0,0,0,20,0,Cebuano,5123.53,0.00,16569.42,57.14,19.38,0.00
Beauport--Côte-de-Beaupré--Île d'Orléans--Charlevoix,Quebec,95736,0.0,30,35,70.8,4380,515,0,13650,48,0,0,0,0,0,0,0,0,0,10,0,NONE,4575.08,0.00,14257.96,-14.29,0,0.00
Châteauguay--Lacolle,Quebec,105111,0.4,370,200,42.1,4665,1425,20,12015,41.2,0,0,10,10,15,0,0,0,0,155,0,Ilocano,4438.17,1.40,11430.77,85.00,7.89,19.03
Chicoutimi--Le Fjord,Quebec,80593,0.1,40,45,74.6,3855,280,0,12525,47.2,0,0,0,0,0,0,0,0,0,10,0,NONE,4783.29,0.00,15541.05,-11.11,0,0.00
Compton--Stanstead,Quebec,111088,0.1,65,35,52.8,5330,660,10,16765,43.2,0,5,5,0,0,0,0,0,0,25,0,"Bisaya, n.o.s. & Cebuano",4798.00,1.52,15091.64,85.71,28.57,9.00
Dorval--Lachine--LaSalle,Quebec,119395,1.6,1885,1645,17.5,4740,6170,180,26235,41.6,0,20,20,20,105,0,0,15,10,855,5,Ilocano,3970.02,2.92,21973.28,14.59,10,150.76
Drummond,Quebec,107967,0.1,75,15,69.6,3950,990,0,10815,44,0,0,5,0,0,0,0,0,0,55,0,Cebuano,3658.53,0.00,10016.95,400.00,8.21,0.00
Gaspésie--Les Îles-de-la-Madeleine,Quebec,75927,0.0,35,10,69.6,3490,210,0,7630,54.4,0,0,0,0,0,0,0,0,0,35,0,NONE,4596.52,0.00,10049.13,250.00,0,0.00
Gatineau,Quebec,107286,0.2,230,165,31.9,3905,2440,80,16680,42,0,5,10,5,0,0,0,0,0,105,0,Cebuano,3639.80,3.28,15547.23,39.39,7.95,74.57
Hochelaga,Quebec,108264,0.2,210,135,38.2,4730,5050,20,30790,38.8,0,0,0,0,0,0,0,0,0,85,0,NONE,4368.95,0.40,28439.74,55.56,0,18.47
Honoré-Mercier,Quebec,104578,0.1,130,145,39.7,5045,3815,0,14175,43.6,0,0,0,0,0,0,0,0,0,40,0,NONE,4824.15,0.00,13554.48,-10.34,0,0.00
Hull--Aylmer,Quebec,110881,0.8,850,315,18.7,3970,5145,540,26100,40.4,0,20,70,30,5,0,0,5,0,300,0,Cebuano,3580.42,10.50,23538.75,169.84,16.25,487.01
Joliette,Quebec,112418,0.1,70,45,67,4665,570,10,8625,50.4,0,0,0,0,0,0,0,0,0,40,0,NONE,4149.69,1.75,7672.26,55.56,0,8.90
Jonquière,Quebec,91073,0.0,40,25,78.2,4090,150,10,8400,45.2,0,0,0,0,0,0,0,0,0,15,0,NONE,4490.90,6.67,9223.37,60.00,0,10.98
La Pointe-de-l'Île,Quebec,110486,0.1,150,35,52.3,4650,3050,15,14730,43.2,0,0,0,0,5,0,0,0,0,35,0,Ilocano,4208.68,0.49,13332.01,328.57,12.5,13.58
La Prairie,Quebec,114968,0.3,315,190,39.1,4505,2350,20,20445,41.6,0,0,5,5,5,0,0,0,0,90,0,Mixed (more than two),3918.48,0.85,17783.21,65.79,14.29,17.40
Lac-Saint-Jean,Quebec,103886,0.0,50,30,83.3,4185,135,10,7470,48.8,0,0,0,0,0,0,0,0,0,0,0,NONE,4028.45,7.41,7190.57,66.67,0,9.63
Lac-Saint-Louis,Quebec,110093,1.9,2030,1665,4.3,3800,4145,255,28760,46,15,15,25,10,100,0,0,5,5,825,5,Ilocano,3451.63,6.15,26123.37,21.92,9.95,231.62
LaSalle--Émard--Verdun,Quebec,107564,0.8,825,815,22.9,4120,4320,85,26765,39.6,10,15,20,20,25,0,5,0,5,290,0,Ilocano,3830.28,1.97,24882.86,1.23,6.41,79.02
Laurentides--Labelle,Quebec,123796,0.1,140,50,53.7,4890,455,25,12375,55.2,0,0,0,0,0,0,0,0,0,25,0,NONE,3950.05,5.49,9996.28,180.00,0,20.19
Laurier--Sainte-Marie,Quebec,116932,0.3,310,155,21.3,4495,7315,40,53475,35.2,0,5,20,10,5,0,0,0,0,110,0,Cebuano,3844.11,0.55,45731.71,100.00,13.27,34.21
Laval--Les Îles,Quebec,111784,0.6,665,390,22.5,3735,4610,60,22155,43.2,0,0,5,5,25,0,0,0,0,295,0,Ilocano,3341.27,1.30,19819.47,70.51,7.58,53.67
Longueuil--Charles-LeMoyne,Quebec,112257,0.4,475,270,42.5,4680,5450,30,20235,40,5,5,5,10,20,0,0,0,0,155,0,Ilocano,4169.01,0.55,18025.60,75.93,10,26.72
Lévis--Lotbinière,Quebec,118608,0.0,55,30,64.3,5225,580,0,20055,41.6,0,5,0,0,5,0,0,0,0,25,0,"Bisaya, n.o.s. & Ilocano",4405.27,0.00,16908.64,83.33,28.57,0.00
Longueuil--Saint-Hubert,Quebec,115082,0.2,270,175,44.8,5035,3950,20,25315,42.8,0,0,20,5,0,0,0,0,0,95,0,Cebuano,4375.14,0.51,21997.36,54.29,16.56,17.38
Louis-Hébert,Quebec,111322,0.1,95,50,44.8,5835,3715,10,41630,42.8,0,0,5,0,0,0,0,0,0,35,0,Cebuano,5241.55,0.27,37396.02,90.00,12.23,8.98
Louis-Saint-Laurent,Quebec,123123,0.1,100,45,59.9,5700,1465,25,23525,43.2,0,0,5,0,0,0,0,0,0,25,0,Cebuano,4629.52,1.71,19106.91,122.22,16.22,20.30
Manicouagan,Quebec,88525,0.1,120,15,73.8,3340,280,45,7710,46.4,0,0,0,0,0,0,0,0,0,45,0,NONE,3772.95,16.07,8709.40,700.00,0,50.83
Mégantic--L'Érable,Quebec,88894,0.1,75,10,77,3305,235,0,7165,50.8,0,0,0,0,0,0,0,0,0,60,0,NONE,3717.91,0.00,8060.16,650.00,0,0.00
Mirabel,Quebec,132930,0.1,110,45,53.2,5310,885,0,14855,38.8,0,0,0,0,5,0,0,0,0,40,0,Ilocano,3994.58,0.00,11175.05,144.44,11.11,0.00
Montarville,Quebec,100515,0.2,150,95,40.1,4180,1400,0,25200,43.6,0,0,5,0,0,0,0,0,0,45,0,Cebuano,4158.58,0.00,25070.88,57.89,9.82,0.00
Montcalm,Quebec,118746,0.1,105,25,62.4,4765,595,10,10210,40,0,0,0,0,0,0,0,0,0,35,0,NONE,4012.77,1.68,8598.18,320.00,0,8.42
Montmagny--L'Islet--Kamouraska--Rivière-du-Loup,Quebec,96724,0.1,125,40,79.1,3675,285,25,9875,50.8,0,0,5,0,0,0,0,0,0,45,0,Cebuano,3799.47,8.77,10209.46,212.50,9.82,25.85
Mount Royal,Quebec,108494,12.3,13180,11900,8,5905,9490,3315,39260,40.4,35,165,330,235,975,10,10,95,35,5445,20,Ilocano,5442.70,34.93,36186.33,10.76,13.26,3055.47
Notre-Dame-de-Grâce--Westmount,Quebec,105601,2.7,2775,2320,6.6,5010,6500,540,45570,41.2,10,30,70,35,145,0,0,20,10,1105,0,Ilocano,4744.27,8.31,43153.00,19.61,10.18,511.36
Outremont,Quebec,103620,3.1,3155,2715,14.3,4320,7265,820,44355,34,5,40,125,60,160,0,0,20,15,1205,5,Ilocano,4169.08,11.29,42805.44,16.21,9.79,791.35
Papineau,Quebec,110813,0.3,300,315,26.7,4175,6400,65,33025,36.8,0,0,15,5,20,0,0,0,0,115,0,Ilocano,3767.61,1.02,29802.46,-4.76,12.9,58.66
Pierrefonds--Dollard,Quebec,109497,4.3,4665,4000,8.9,4320,4715,650,29245,43.2,15,30,50,40,195,0,0,25,10,1750,0,Ilocano,3945.31,13.79,26708.49,16.63,9.22,593.62
Pontiac,Quebec,129781,0.3,355,110,23.6,4780,2495,165,27040,41.2,0,0,5,0,5,0,0,0,5,130,0,Mixed (more than two),3683.13,6.61,20835.10,222.73,10.34,127.14
Portneuf--Jacques-Cartier,Quebec,123243,0.0,25,40,61.9,5330,445,10,20805,42,0,0,0,0,0,0,0,0,0,15,0,NONE,4324.79,2.25,16881.28,-37.50,0,8.11
Québec,Quebec,98772,0.2,160,65,49.4,4570,2650,45,30320,44.4,0,0,5,0,0,0,0,0,0,60,0,Cebuano,4626.82,1.70,30696.96,146.15,7.58,45.56
Repentigny,Quebec,119204,0.1,65,50,57.1,5995,935,0,15990,43.6,0,0,5,0,0,0,0,0,0,15,0,Cebuano,5029.19,0.00,13413.98,30.00,24.1,0.00
Richmond--Arthabaska,Quebec,110651,0.1,80,50,69.8,4315,470,10,11235,46.4,0,5,0,0,0,0,0,0,0,40,0,"Bisaya, n.o.s.",3899.65,2.13,10153.55,60.00,11.11,9.04
Rivière-des-Mille-Îles,Quebec,105589,0.2,175,110,39.7,4075,1165,20,16895,43.2,0,0,5,5,10,0,0,0,0,60,0,Ilocano,3859.30,1.72,16000.72,59.09,12.5,18.94
Rivière-du-Nord,Quebec,122654,0.1,70,40,58.6,5180,915,0,12705,43.6,0,0,5,0,0,0,0,0,0,20,0,Cebuano,4223.26,0.00,10358.41,75.00,19.38,0.00
Rosemont--La Petite-Patrie,Quebec,112909,0.2,200,80,31.7,4855,4370,35,43095,43095,5,0,5,0,0,0,0,0,0,50,0,Cebuano,4299.92,0.80,38167.91,150.00,8.22,31.00
Marc-Aurèle-Fortin,Quebec,104636,0.3,355,145,34.3,4595,2395,20,21830,21830,0,0,0,0,10,0,0,5,0,115,0,Ilocano,4391.41,0.84,20862.80,144.83,7.69,19.11
Saint-Hyacinthe--Bagot,Quebec,105086,0.0,25,15,71.5,4565,1265,0,9755,9755,0,0,5,0,0,0,0,0,0,10,0,Cebuano,4344.06,0.00,9282.87,66.67,31.91,0.00
Saint-Jean,Quebec,114617,0.1,90,65,56.3,4905,825,20,13810,13810,0,0,0,0,0,0,0,0,0,35,0,NONE,4279.47,2.42,12048.82,38.46,0,17.45
Saint-Laurent,Quebec,102104,2.0,2065,1670,17.4,4305,10365,415,30785,30785,15,25,40,30,145,0,5,0,5,905,0,Ilocano,4216.29,4.00,30150.63,23.65,12.39,406.45
Saint-Léonard--Saint-Michel,Quebec,115553,0.1,170,130,42.7,4810,7135,20,17475,40.4,0,0,5,0,5,0,0,0,0,60,0,Cebuano & Ilocano,4162.59,0.28,15122.93,30.77,14.29,17.31
Saint-Maurice--Champlain,Quebec,111997,0.0,15,50,75.8,4825,360,0,10850,51.6,0,0,5,0,0,0,0,0,0,15,0,Cebuano,4308.15,0.00,9687.76,-70.00,24.1,0.00
Salaberry--Suroît,Quebec,119351,0.2,190,70,50.9,4965,465,25,10515,45.2,0,5,5,0,0,0,0,0,0,50,0,Cebuano,4160.00,5.38,8810.15,171.43,8.22,20.95
Shefford,Quebec,115924,0.1,85,30,62,4255,955,0,12225,45.6,0,0,0,0,0,0,0,0,0,55,0,NONE,3670.51,0.00,10545.70,183.33,0,0.00
Sherbrooke,Quebec,119038,0.2,175,45,51.1,6870,3450,0,24760,41.6,0,0,0,0,5,0,0,0,0,85,0,Ilocano,5771.27,0.00,20800.08,288.89,5.56,0.00
Vaudreuil--Soulanges,Quebec,129612,1.6,2070,1175,18.9,4800,2240,230,25555,42.4,0,10,10,5,60,0,0,5,0,630,5,Ilocano,3703.36,10.27,19716.54,76.17,8.28,177.45
Terrebonne,Quebec,119944,0.1,80,40,53.6,6070,1170,20,15170,40.8,0,5,5,0,0,0,0,0,0,25,0,Cebuano,5060.69,1.71,12647.57,100.00,14,16.67
Trois-Rivières,Quebec,114064,0.1,115,30,65.6,5585,1385,35,18990,47.6,0,5,0,0,0,0,0,0,0,50,0,"Bisaya, n.o.s.",4896.37,2.53,16648.55,283.33,9.09,30.68
Ville-Marie--Le Sud-Ouest--Île-des-Soeurs,Quebec,134555,0.5,660,505,11.3,5595,9720,85,65650,34.8,0,5,15,5,10,0,0,0,0,240,0,Cebuano,4158.15,0.87,48790.46,30.69,5.44,63.17
Vimy,Quebec,119926,0.3,365,285,33.1,4465,7210,50,24725,42.8,0,5,10,5,25,0,0,0,10,170,0,Ilocano,3723.13,0.69,20616.88,28.07,11.11,41.69
Ajax,Ontario,126666,5.3,6670,5685,0.1,4730,5010,290,30210,38.4,5,30,85,40,140,0,0,50,10,2840,5,Ilocano,3734.23,5.79,23850.13,17.33,4.37,228.95
Algoma--Manitoulin--Kapuskasing,Ontario,80310,0.2,170,75,3.2,2900,195,50,7775,52,0,0,0,0,0,0,0,0,0,65,0,NONE,3611.01,25.64,9681.24,126.67,0,62.26
Aurora--Oak Ridges--Richmond Hill,Ontario,118883,1.4,1695,1625,0,4055,6425,170,43505,42.4,0,10,20,20,75,0,0,5,0,765,0,Ilocano,3410.92,2.65,36594.80,4.31,8.38,143.00
Barrie--Innisfil,Ontario,120378,1.3,1520,990,0.1,4760,2515,185,18820,39.6,0,10,30,15,55,0,0,5,0,630,0,Ilocano,3954.21,7.36,15634.09,53.54,7.38,153.68
Barrie--Springwater--Oro-Medonte,Ontario,106871,0.9,915,425,0,5120,1705,140,18760,41.6,0,5,10,5,50,0,0,0,5,390,0,Ilocano,4790.82,8.21,17553.87,115.29,10.75,131.00
Bay of Quinte,Ontario,116016,0.6,645,355,0.1,4290,860,125,15875,48.4,0,10,20,10,15,0,0,0,0,255,5,Cebuano,3697.77,14.53,13683.46,81.69,6.33,107.74
Beaches--East York,Ontario,109359,3.3,3565,3455,0.1,3415,5185,375,38480,41.2,5,25,35,50,105,10,0,10,5,1560,10,Ilocano,3122.74,7.23,35186.86,3.18,5.79,342.91
Brampton Centre,Ontario,104557,5.1,5330,4955,0.1,2665,8270,570,21035,37.6,20,50,100,65,155,0,0,55,5,2745,10,Ilocano,2548.85,6.89,20118.21,7.57,4.84,545.16
Brampton East,Ontario,131677,1.5,2000,1915,0,4575,7625,135,32720,35.6,0,10,20,10,85,0,0,10,5,780,0,Ilocano,3474.41,1.77,24848.68,4.44,9.24,102.52
Brampton North,Ontario,125141,3.0,3670,3260,0.1,3885,8925,285,29625,36.8,10,15,45,20,120,0,0,25,10,1720,5,Ilocano,3104.50,3.19,23673.30,12.58,6.09,227.74
Brampton South,Ontario,132752,3.5,4510,4105,0.1,3705,9790,395,28225,36.8,0,20,85,45,120,0,0,50,10,2105,0,Ilocano,2790.92,4.03,21261.45,9.87,4.93,297.55
Brampton West,Ontario,162353,3.4,5550,5870,0.1,5395,15475,245,38320,33.6,5,30,65,40,140,5,0,45,15,2560,5,Ilocano,3323.01,1.58,23602.89,-5.45,4.81,150.91
Brantford--Brant,Ontario,140139,1.0,1380,820,0,5165,2255,130,15100,41.6,0,5,15,15,50,0,0,0,0,600,10,Ilocano,3685.63,5.76,10775.02,68.29,7.19,92.77
Bruce--Grey--Owen Sound,Ontario,113348,0.2,270,155,0,4630,595,25,8955,49.2,0,0,0,5,10,0,0,0,0,100,0,Ilocano,4084.77,4.20,7900.45,74.19,8.7,22.06
Burlington,Ontario,125435,1.6,1940,1895,0,4655,3555,325,26330,46,0,30,45,10,65,5,0,15,0,835,5,Ilocano,3711.09,9.14,20990.95,2.37,6.44,259.10
Cambridge,Ontario,121301,1.2,1445,980,0.1,3855,3345,195,15260,40,0,15,35,5,50,0,0,5,5,615,0,Ilocano,3178.04,5.83,12580.28,47.45,6.85,160.76
Chatham-Kent--Leamington,Ontario,113654,0.6,705,410,0.1,4095,1995,100,8545,44.8,0,5,15,10,25,10,0,0,0,775,0,Ilocano,3603.04,5.01,7518.43,71.95,2.98,87.99
Davenport,Ontario,105946,3.0,3150,2785,0.1,2825,4275,265,30840,38.4,0,20,55,20,150,0,10,10,5,1325,5,Ilocano,2666.45,6.20,29109.17,13.11,9.38,250.13
Don Valley East,Ontario,95039,7.6,7175,6900,0.1,3320,9385,1180,22925,41.6,20,50,110,85,355,10,5,40,15,3415,10,Ilocano,3493.30,12.57,24121.68,3.99,8.63,1241.60
Don Valley North,Ontario,113663,5.0,5680,5230,0.1,4260,11765,865,38535,40.8,20,65,110,80,255,0,5,15,10,2820,15,Ilocano,3747.92,7.35,33902.85,8.60,7.51,761.02
Don Valley West,Ontario,101959,3.5,3510,3140,0.1,4615,7095,505,46215,41.6,5,25,35,55,120,10,10,15,10,1725,0,Ilocano,4526.33,7.12,45327.04,11.78,5.97,495.30
Dufferin--Caledon,Ontario,142838,1.0,1435,1010,0,4330,2325,220,26565,40.8,0,5,20,25,40,0,0,10,0,570,0,Ilocano,3031.41,9.46,18597.99,42.08,5.97,154.02
Durham,Ontario,150235,1.6,2320,1350,0.1,6305,3640,155,27070,38.4,5,10,30,25,40,0,0,15,0,845,0,Ilocano,4196.76,4.26,18018.44,71.85,4.12,103.17
Eglinton--Lawrence,Ontario,115832,10.9,12465,12045,0,5860,7190,2655,45065,41.2,25,170,255,230,940,15,25,65,50,6135,25,Ilocano,5059.05,36.93,38905.48,3.49,11.85,2292.11
Elgin--Middlesex--London,Ontario,126428,0.5,640,275,0,5235,1485,50,16505,42.8,0,5,15,0,15,0,0,0,5,275,0,Cebuano & Ilocano,4140.70,3.37,13054.86,132.73,9.52,39.55
Essex,Ontario,134656,0.6,765,580,0,6400,1480,10,24830,44,0,5,10,0,5,0,0,0,0,320,0,Cebuano,4752.85,0.68,18439.58,31.90,2.93,7.43
Etobicoke Centre,Ontario,118483,2.9,3455,2835,0.1,3995,4795,530,37540,45.6,0,25,45,65,95,0,0,10,5,1630,15,Ilocano,3371.79,11.05,31683.87,21.87,5.03,447.32
Etobicoke--Lakeshore,Ontario,141751,3.2,4490,4255,0.1,5270,9085,560,54175,40.8,10,20,75,35,120,0,0,20,5,2175,5,Ilocano,3717.79,6.16,38218.43,5.52,4.87,395.06
Etobicoke North,Ontario,116003,4.9,5620,4460,0.1,3945,9430,730,22120,38,10,45,95,45,335,20,0,20,30,2770,15,Ilocano,3400.77,7.74,19068.47,26.01,9.9,629.29
Flamborough--Glanbrook,Ontario,125692,1.3,1660,905,0.1,5640,3010,160,25745,39.6,0,5,30,15,20,0,0,10,0,690,0,Cebuano,4487.16,5.32,20482.61,83.43,3.89,127.30
Glengarry--Prescott--Russell,Ontario,116463,0.4,410,200,8.5,4090,685,50,16690,45.6,0,5,10,5,0,0,0,0,0,125,0,Cebuano,3511.84,7.30,14330.73,105.00,6.86,42.93
Guelph,Ontario,143740,2.7,3810,2845,0,5465,5855,545,39955,38.4,5,45,80,45,90,5,0,25,0,1770,0,Ilocano,3802.00,9.31,27796.72,33.92,4.36,379.16
Haldimand--Norfolk,Ontario,116706,0.4,505,240,0,4100,750,100,11830,46.4,0,5,0,5,20,0,0,0,0,200,0,Ilocano,3513.10,13.33,10136.58,110.42,8.7,85.69
Haliburton--Kawartha Lakes--Brock,Ontario,122401,0.3,335,240,0,4475,310,20,15210,52.4,0,0,0,5,5,0,0,0,0,140,0,Hiligaynon & Ilocano,3656.02,6.45,12426.37,39.58,6.67,16.34
Hamilton Centre,Ontario,106439,2.1,2140,1540,0.1,4825,5105,425,23310,37.6,0,15,25,10,75,5,0,10,0,920,10,Ilocano,4533.11,8.33,21899.87,38.96,7.01,399.29
Hamilton East--Stoney Creek,Ontario,112028,1.5,1645,950,0.1,4055,3645,310,16160,43.2,0,35,35,10,50,5,0,5,5,655,0,Ilocano,3619.63,8.50,14424.97,73.16,6.25,276.72
Hamilton Mountain,Ontario,107629,4.2,4425,3505,0.1,5515,4225,650,16835,41.2,15,20,55,30,175,0,10,30,10,2160,5,Ilocano,5124.08,15.38,15641.70,26.25,6.97,603.93
Hamilton West--Ancaster--Dundas,Ontario,117565,1.6,1865,1250,0,6710,4160,255,36435,42.8,5,5,30,10,55,0,0,10,0,670,5,Ilocano,5707.48,6.13,30991.37,49.20,6.96,216.90
Hastings--Lennox and Addington,Ontario,100636,0.3,330,240,0.1,3910,345,15,11235,49.2,0,5,5,0,10,0,0,0,0,125,0,Ilocano,3885.29,4.35,11164.00,37.50,6.9,14.91
Huron--Bruce,Ontario,112929,0.4,410,210,0,3840,605,50,14475,46,5,15,15,10,10,0,0,0,0,175,0,"Bisaya, n.o.s., & Cebuano",3400.37,8.26,12817.79,95.24,13.04,44.28
Kanata--Carleton,Ontario,116651,1.0,1195,1125,0.4,4235,5210,90,39295,42,0,15,30,10,50,0,0,5,0,540,0,Ilocano,3630.49,1.73,33685.95,6.22,7.69,77.15
Kenora,Ontario,64261,0.7,465,365,0.1,2250,285,110,6280,38.4,5,0,25,0,20,0,0,0,0,205,5,Cebuano,3501.35,38.60,9772.65,27.40,9.59,171.18
King--Vaughan,Ontario,147695,2.1,3100,2745,0,4680,5880,220,43065,39.2,0,10,15,5,95,5,0,15,0,1410,10,Ilocano,3168.69,3.74,29158.06,12.93,6.07,148.96
Kingston and the Islands,Ontario,126106,0.8,1040,750,0.2,7535,2615,150,33095,41.2,0,5,20,10,50,0,0,10,0,510,5,Ilocano,5975.13,5.74,26243.79,38.67,8.2,118.95
Kitchener Centre,Ontario,113452,0.8,890,575,0,3885,7195,165,25565,38.4,0,25,30,20,25,0,0,0,0,385,5,Cebuano,3424.36,2.29,22533.76,54.78,6.11,145.44
Kitchener--Conestoga,Ontario,107134,0.6,660,430,0,3870,3375,60,21290,38.4,0,0,20,5,5,0,5,0,0,290,0,Cebuano,3612.30,1.78,19872.31,53.49,6.14,56.00
Kitchener South--Hespeler,Ontario,119851,1.5,1785,1035,0,4390,7090,305,25635,36.8,0,45,30,25,30,0,5,0,5,830,0,Ilocano,3662.88,4.30,21389.06,72.46,3.09,254.48
Lambton--Kent--Middlesex,Ontario,111242,0.3,345,135,0,4895,565,60,13855,45.2,0,0,5,5,10,0,0,0,0,140,0,Ilocano,4400.32,10.62,12454.83,155.56,6.25,53.94
Lanark--Frontenac--Kingston,Ontario,111424,0.2,265,145,0.1,4590,480,15,17155,49.6,0,0,5,5,10,0,0,0,0,90,0,Ilocano,4119.40,3.13,15396.14,82.76,9.09,13.46
Leeds--Grenville--Thousand Islands and Rideau Lakes,Ontario,104070,0.3,285,285,0.1,4275,470,40,14990,50.8,0,5,5,0,5,0,0,0,0,95,0,Mixed (more than two),4107.81,8.51,14403.77,0.00,13.64,38.44
London--Fanshawe,Ontario,127068,2.0,2530,1365,0.1,5130,5610,285,16300,38.8,5,25,90,30,100,5,0,10,0,1090,5,Ilocano,4037.21,5.08,12827.78,85.35,7.35,224.29
London North Centre,Ontario,138255,1.6,2185,1350,0.1,7225,7230,270,41040,37.2,0,10,95,25,70,0,0,10,0,1010,5,Cebuano,5225.85,3.73,29684.28,61.85,7.75,195.29
London West,Ontario,139305,0.8,1085,720,0.1,7015,6225,65,39410,40.4,5,10,20,15,40,0,0,0,0,380,0,Ilocano,5035.71,1.04,28290.44,50.69,8.51,46.66
Markham--Stouffville,Ontario,135944,3.6,4825,4305,0,4430,5005,225,40645,41.2,5,25,45,55,80,0,0,25,0,1860,5,Ilocano,3258.69,4.50,29898.34,12.08,3.81,165.51
Markham--Thornhill,Ontario,97510,2.7,2645,2835,0,3090,4845,165,27105,43.6,5,5,45,20,85,0,0,20,15,1275,10,Ilocano,3168.91,3.41,27797.15,-6.70,5.74,169.21
Markham--Unionville,Ontario,128308,1.4,1855,1910,0,4045,8155,95,46715,42,0,5,5,10,35,0,0,5,0,945,5,Ilocano,3152.57,1.16,36408.49,-2.88,3.47,74.04
Milton,Ontario,136993,3.9,5310,4210,0.1,4570,9135,445,41540,36,5,25,55,40,85,5,0,20,0,2020,0,Ilocano,3335.94,4.87,30322.72,26.13,3.77,324.83
Mississauga Centre,Ontario,127377,6.1,7715,7470,0.1,3865,13830,570,45865,38.8,25,30,100,70,120,10,5,50,10,3755,20,Ilocano,3034.30,4.12,36007.29,3.28,2.86,447.49
Mississauga East--Cooksville,Ontario,116346,7.4,8560,7960,0.1,3700,8655,760,29905,43.2,20,55,160,85,200,5,0,60,15,4155,20,Ilocano,3180.17,8.78,25703.51,7.54,4.19,653.22
Mississauga--Erin Mills,Ontario,123371,4.8,5830,5940,0.1,4710,9590,385,45320,40,5,15,50,25,90,0,5,30,5,2675,5,Ilocano,3817.75,4.01,36734.73,-1.85,3.1,312.07
Mississauga--Lakeshore,Ontario,117095,3.3,3770,3215,0.1,3885,4835,520,36720,44,5,35,45,20,105,0,0,35,15,1775,5,Ilocano,3317.82,10.75,31359.15,17.26,5.15,444.08
Mississauga--Malton,Ontario,116908,5.5,6400,6325,0.1,3615,8690,395,33970,37.6,20,30,80,45,155,0,0,55,5,3220,15,Ilocano,3092.18,4.55,29057.04,1.19,4.28,337.87
Mississauga--Streetsville,Ontario,116864,5.2,6075,5660,0.1,3950,6900,425,38855,40.8,15,20,80,55,80,0,0,45,0,2755,0,Cebuano & Ilocano,3380.00,6.16,33248.05,7.33,5.25,363.67
Nepean,Ontario,132769,2.0,2690,2085,0.5,5380,6900,195,41825,38.4,0,25,65,40,160,0,5,10,0,1180,10,Ilocano,4052.15,2.83,31502.08,29.02,10.7,146.87
Newmarket--Aurora,Ontario,127134,2.1,2700,2375,0,4055,5155,455,36375,41.2,10,40,50,15,85,10,5,5,10,1235,10,Ilocano,3189.55,8.83,28611.54,13.68,5.76,357.89
Niagara Centre,Ontario,119809,1.0,1155,410,0.1,4950,1850,100,16725,43.6,0,10,25,15,35,0,0,0,5,510,0,Ilocano,4131.58,5.41,13959.72,181.71,5.83,83.47
Niagara Falls,Ontario,146404,2.3,3275,1990,0,5445,3270,425,24770,48,5,25,85,40,65,0,0,10,5,1575,10,Cebuano,3719.16,13.00,16918.94,64.57,4.67,290.29
Niagara West,Ontario,96946,0.5,510,275,0,3990,790,60,18390,45.2,0,0,5,5,5,0,0,0,0,170,0,Mixed (more than two),4115.69,7.59,18969.32,85.45,8.11,61.89
Nickel Belt,Ontario,94947,0.1,90,115,1.4,4455,300,10,11075,45.6,0,0,0,0,0,0,0,0,0,35,0,NONE,4692.09,3.33,11664.40,-21.74,0,10.53
Nipissing--Timiskaming,Ontario,89781,0.2,160,100,0.5,4235,355,10,12545,46.8,0,0,10,0,10,0,0,0,0,105,0,Cebuano & Ilocano,4717.03,2.82,13972.89,60.00,16,11.14
Northumberland--Peterborough South,Ontario,118756,0.5,540,365,0,4505,515,60,17180,50.4,0,5,15,0,30,0,0,5,0,235,0,Ilocano,3793.49,11.65,14466.64,47.95,10.34,50.52
Oakville,Ontario,122322,2.1,2535,2255,0.1,4140,6990,410,46270,45.2,0,20,45,20,105,5,0,25,10,1175,10,Ilocano,3384.51,5.87,37826.39,12.42,7.42,335.18
Oakville North--Burlington,Ontario,148936,1.8,2690,2240,0.1,5690,10865,205,56395,39.2,0,15,15,10,35,0,0,35,5,1110,5,Ilocano,3820.43,1.89,37865.26,20.09,2.85,137.64
Oshawa,Ontario,131067,2.4,3100,1350,0.1,4655,3315,255,17375,41.6,10,15,55,15,60,0,0,10,5,1225,0,Ilocano,3551.62,7.69,13256.58,129.63,4.3,194.56
Ottawa Centre,Ontario,126360,0.8,1035,810,0.7,5340,3985,190,63260,38,5,5,20,10,55,0,0,5,0,395,0,Ilocano,4226.02,4.77,50063.31,27.78,11.11,150.36
Orléans,Ontario,139309,1.2,1630,1290,2.8,5370,3990,245,40920,41.2,5,15,35,15,50,0,0,5,0,650,0,Ilocano,3854.74,6.14,29373.55,26.36,6.45,175.87
Ottawa South,Ontario,125090,2.2,2655,2325,1.7,5520,8420,515,39375,38.8,15,30,40,25,165,0,0,15,10,1265,5,Ilocano,4412.82,6.12,31477.34,14.19,10.51,411.70
Ottawa--Vanier,Ontario,118806,1.6,1900,1700,3.9,4280,6825,320,40280,40.4,5,40,75,30,110,0,5,0,0,1120,0,Ilocano,3602.51,4.69,33904.01,11.76,7.94,269.35
Ottawa West--Nepean,Ontario,116409,2.0,2275,2090,0.9,4405,7460,445,37360,40.4,5,20,35,30,105,5,5,15,10,895,10,Ilocano,3784.07,5.97,32093.74,8.85,9.25,382.27
Oxford,Ontario,124790,0.5,580,365,0,4420,1330,80,13445,41.6,0,5,20,5,10,0,0,0,0,270,5,Cebuano,3541.95,6.02,10774.10,58.90,6.33,64.11
Parkdale--High Park,Ontario,106750,2.7,2785,2800,0.1,4085,4465,395,45410,40.4,5,30,45,20,110,0,0,5,0,1195,5,Ilocano,3826.70,8.85,42538.64,-0.54,7.77,370.02
Parry Sound--Muskoka,Ontario,104494,0.2,230,160,0,3400,355,15,16070,54.4,0,0,5,5,0,0,0,0,0,95,0,Cebuano & Hiligaynon,3253.78,4.23,15378.87,43.75,9.52,14.35
Perth--Wellington,Ontario,113910,0.5,515,330,0,3870,1110,150,13225,41.2,0,5,15,0,40,0,0,0,5,235,0,Ilocano,3397.42,13.51,11610.04,56.06,13.33,131.68
Peterborough--Kawartha,Ontario,125478,0.5,625,460,0,5760,1310,160,22875,46.8,0,25,50,10,25,0,0,0,0,245,0,Cebuano,4590.45,12.21,18230.29,35.87,14.06,127.51
Pickering--Uxbridge,Ontario,120742,3.6,4275,3505,0.1,4070,2930,175,30140,41.6,5,10,55,25,75,0,10,15,5,1785,5,Ilocano,3370.82,5.97,24962.32,21.97,3.77,144.94
Renfrew--Nipissing--Pembroke,Ontario,107420,0.3,300,170,0.2,4315,435,20,12835,45.6,0,5,5,0,10,0,0,5,0,115,0,Ilocano,4016.94,4.60,11948.43,76.47,7.14,18.62
Richmond Hill,Ontario,114180,2.4,2785,2680,0,4485,7570,530,43860,45.6,0,20,40,30,100,0,0,10,5,1340,5,Ilocano,3928.01,7.00,38413.03,3.92,6.45,464.18
Carleton,Ontario,131375,0.7,915,580,0.3,5035,4605,95,40825,39.2,0,5,40,5,25,0,0,0,0,395,15,Cebuano,3832.54,2.06,31075.17,57.76,8.23,72.31
St. Catharines,Ontario,114782,1.4,1570,1220,0.1,4830,2810,170,20725,45.6,0,10,25,10,50,0,0,0,0,660,5,Ilocano,4207.98,6.05,18055.97,28.69,6.58,148.11
Toronto--St. Paul's,Ontario,116953,4.5,5150,5055,0.1,4725,8555,660,57105,40.4,0,50,100,75,300,0,10,30,15,2500,5,Ilocano,4040.08,7.71,48827.31,1.88,9.72,564.33
Sarnia--Lambton,Ontario,107077,0.6,580,470,0.1,4855,865,105,14495,45.6,0,5,10,0,20,5,0,0,0,210,0,Ilocano,4534.12,12.14,13536.99,23.40,8,98.06
Sault Ste. Marie,Ontario,79331,0.2,190,125,0,3885,605,15,12660,47.6,5,0,10,0,0,0,0,0,0,90,0,Cebuano,4897.20,2.48,15958.45,52.00,9.45,18.91
Scarborough--Agincourt,Ontario,104423,6.3,6515,5670,0.1,3440,7990,1050,28910,45.6,10,20,100,80,310,10,0,35,15,3270,15,Ilocano,3294.29,13.14,27685.47,14.90,8.02,1005.53
Scarborough Centre,Ontario,113104,13.1,14645,13815,0.1,4330,8760,1360,27210,40,35,115,250,170,675,25,25,80,30,7055,10,Ilocano,3828.33,15.53,24057.50,6.01,7.97,1202.43
Scarborough--Guildwood,Ontario,103449,8.8,9035,8030,0.2,4100,8070,805,25115,38.4,5,40,105,60,285,0,5,55,35,4620,20,Ilocano,3963.31,9.98,24277.66,12.52,5.45,778.16
Scarborough North,Ontario,94717,6.8,6375,6235,0,2960,6050,405,21660,43.2,25,40,95,45,310,0,5,25,15,3355,10,Ilocano,3125.10,6.69,22868.12,2.25,7.9,427.59
Scarborough--Rouge Park,Ontario,102254,8.9,9040,8790,0.1,4085,3670,450,25270,42,20,40,110,70,315,10,10,55,30,4410,5,Ilocano,3994.95,12.26,24712.97,2.84,6.21,440.08
Scarborough Southwest,Ontario,111994,8.6,9480,9735,0.1,3960,6990,675,28980,41.2,15,75,175,100,410,0,5,65,30,4495,5,Ilocano,3535.90,9.66,25876.39,-2.62,7.63,602.71
Simcoe--Grey,Ontario,151784,0.8,1130,665,0.1,4910,1385,130,23925,45.6,0,5,15,5,20,0,0,5,0,450,0,Ilocano,3234.86,9.39,15762.53,69.92,4,85.65
Simcoe North,Ontario,120656,0.6,675,575,0,5265,520,70,16175,50,0,5,10,0,5,0,0,0,5,310,0,Cebuano,4363.65,13.46,13405.88,17.39,2.98,58.02
Spadina--Fort York,Ontario,136213,2.6,3465,2570,0.1,5220,14920,170,82565,32.8,0,15,35,10,30,0,0,0,5,1290,0,Cebuano,3832.23,1.14,60614.63,34.82,2.53,124.80
Stormont--Dundas--South Glengarry,Ontario,104493,0.4,420,230,0.8,4400,865,85,10950,47.2,0,0,0,5,5,0,0,0,0,155,0,Hiligaynon & Ilocano,4210.81,9.83,10479.17,82.61,6.06,81.35
Sudbury,Ontario,95537,0.4,370,250,0.8,4665,1400,85,17565,43.2,5,0,15,0,30,0,0,0,0,155,0,Ilocano,4882.92,6.07,18385.55,48.00,14.63,88.97
Thornhill,Ontario,115292,4.5,5460,5150,0.1,5055,5975,785,44990,44,15,40,55,55,365,0,0,10,20,2700,10,Ilocano,4384.52,13.14,39022.66,6.02,11.16,680.88
Thunder Bay--Rainy River,Ontario,82357,0.5,365,310,0,3760,535,65,11605,44.8,0,5,10,0,10,0,0,0,0,185,0,Cebuano & Ilocano,4565.49,12.15,14091.09,17.74,9.52,78.92
Thunder Bay--Superior North,Ontario,83325,0.3,215,175,0.2,4515,820,60,15630,44.8,0,0,5,0,10,0,0,0,0,115,0,Ilocano,5418.54,7.32,18757.88,22.86,7.69,72.01
Timmins--James Bay,Ontario,80785,0.5,380,225,1.4,3210,375,70,7470,42.4,0,0,10,5,10,0,0,0,0,155,0,Cebuano & Ilocano,3973.51,18.67,9246.77,68.89,11.11,86.65
Toronto Centre,Ontario,119901,5.0,5810,5010,0.1,4905,10690,650,58605,35.2,15,45,80,80,270,0,10,25,10,2730,10,Ilocano,4090.87,6.08,48877.82,15.97,8.24,542.11
Toronto--Danforth,Ontario,105472,2.4,2560,2440,0.1,3470,3225,215,40500,41.2,0,15,15,25,60,0,0,5,5,1100,10,Ilocano,3289.97,6.67,38398.82,4.92,4.86,203.85
University--Rosedale,Ontario,106216,1.4,1390,1305,0.1,4405,6270,185,57405,37.2,5,10,15,15,25,0,0,5,0,660,10,Ilocano,4147.21,2.95,54045.53,6.51,3.36,174.17
Vaughan--Woodbridge,Ontario,106810,1.7,1785,1740,0,2415,3000,170,24930,44,0,5,15,10,65,0,0,0,0,885,5,Ilocano,2261.02,5.67,23340.51,2.59,6.6,159.16
Waterloo,Ontario,127235,1.0,1215,595,0,3750,6840,290,45600,36,5,10,25,10,25,0,0,15,10,465,10,Cebuano & Ilocano,2947.30,4.24,35839.20,104.20,8.7,227.92
Wellington--Halton Hills,Ontario,127873,0.9,1105,725,0,4145,1260,85,26535,43.6,5,0,15,5,10,0,0,10,0,355,0,Cebuano,3241.50,6.75,20751.06,52.41,3.74,66.47
Whitby,Ontario,138501,2.6,3570,2550,0.1,5100,4665,305,33265,40,0,15,35,15,50,0,0,15,0,1280,5,Ilocano,3682.28,6.54,24017.88,40.00,3.53,220.22
Willowdale,Ontario,118218,6.5,7590,6385,0.1,4860,13855,1910,57030,39.6,10,65,155,130,545,5,5,25,20,3720,10,Ilocano,4111.05,13.79,48241.38,18.87,11.62,1615.66
Windsor--Tecumseh,Ontario,122798,1.4,1675,1540,0.2,5410,4485,150,21655,44,0,15,30,10,35,0,0,5,0,760,0,Ilocano,4405.61,3.34,17634.65,8.77,4.09,122.15
Windsor West,Ontario,130162,1.4,1800,1720,0.2,5185,8580,175,28160,38.4,10,10,30,30,35,0,0,10,0,890,0,Ilocano,3983.50,2.04,21634.58,4.65,3.45,134.45
York Centre,Ontario,108307,19.3,20675,17070,0.1,5430,10040,4855,30650,41.6,35,210,375,315,1645,65,30,135,50,10245,35,Ilocano,5013.53,48.36,28299.19,21.12,12.52,4482.63
York--Simcoe,Ontario,124458,1.4,1760,1005,0,3770,2985,160,20940,40,5,20,25,0,50,0,0,0,0,665,0,Ilocano,3029.13,5.36,16824.95,75.12,6.54,128.56
York South--Weston,Ontario,116757,6.8,7820,6755,0.1,3885,7400,1405,17910,40.4,20,95,105,115,630,10,15,60,25,3685,20,Ilocano,3327.42,18.99,15339.55,15.77,13.18,1203.35
Humber River--Black Creek,Ontario,111593,8.0,8900,5955,0.1,4095,8885,2070,16310,38,15,70,155,150,770,40,10,45,25,4310,5,Ilocano,3669.59,23.30,14615.61,49.45,13.76,1854.96
Brandon--Souris,Manitoba,89812,1.9,1595,895,0,4450,3240,435,12150,38.8,0,25,60,20,20,0,0,15,0,795,5,Cebuano,4954.79,13.43,13528.26,78.21,6.38,484.35
Charleswood--St. James--Assiniboia--Headingley,Manitoba,84767,4.2,3440,2535,0,3650,2090,445,17985,44,10,15,25,25,35,0,0,20,5,1780,0,Ilocano,4305.92,21.29,21216.98,35.70,1.83,524.97
Churchill--Keewatinook Aski,Manitoba,81258,0.4,350,260,0.1,1995,870,110,5855,28.6,0,15,10,0,10,0,0,5,0,170,0,"Bisaya, n.o.s.",2455.14,12.64,7205.44,34.62,7.14,135.37
Dauphin--Swan River--Neepawa,Manitoba,89503,4.3,3655,2175,0,3355,2185,1620,7730,40.8,15,110,180,15,50,5,5,40,5,2100,20,Cebuano,3748.48,74.14,8636.58,68.05,7.07,1810.00
Elmwood--Transcona,Manitoba,101691,8.6,8655,6765,0.2,4445,5660,1060,16190,38,40,50,140,35,105,0,5,135,15,4525,5,Cebuano,4371.08,18.73,15920.78,27.94,2.77,1042.37
Kildonan--St. Paul,Manitoba,91480,12.7,11450,8095,0,4310,3820,1190,19190,41.6,15,20,105,35,185,0,0,145,20,5615,0,Ilocano,4711.41,31.15,20977.26,41.45,3.01,1300.83
Portage--Lisgar,Manitoba,100417,2.2,2040,930,0,3815,3305,1015,10660,36,0,25,40,10,35,0,0,15,0,1195,10,Cebuano,3799.16,30.71,10615.73,119.35,3.01,1010.79
Provencher,Manitoba,109445,2.0,2170,1480,0.2,3595,1930,500,11865,36.4,5,20,70,10,60,0,0,20,5,1145,0,Cebuano,3284.75,25.91,10841.06,46.62,5.24,456.85
Saint Boniface--Saint Vital,Manitoba,95514,3.6,3375,2540,0.6,4665,5335,450,23975,40.8,0,15,30,35,60,0,5,20,5,1605,0,Ilocano,4884.10,8.43,25101.03,32.87,3.38,471.14
Selkirk--Interlake--Eastman,Manitoba,101373,0.8,770,515,0,3970,760,70,10225,46.8,0,5,10,0,5,0,0,5,0,350,0,Cebuano,3916.23,9.21,10086.51,49.51,2.66,69.05
Winnipeg Centre,Manitoba,87499,19.6,16585,16925,0.2,3710,6525,1395,18330,36.4,25,85,175,95,275,0,5,150,50,9705,10,Ilocano,4240.05,21.38,20948.81,-2.01,2.6,1594.30
Winnipeg North,Manitoba,101221,33.1,33060,30740,0,4655,7385,2750,17650,36,35,130,230,100,525,5,0,410,65,18160,25,Ilocano,4598.85,37.24,17437.09,7.55,2.67,2716.83
Winnipeg South,Manitoba,113370,3.4,3795,2870,0.1,5505,10500,240,35480,36.4,15,20,25,35,55,5,0,10,10,1790,15,Ilocano,4855.78,2.29,31295.76,32.23,2.78,211.70
Winnipeg South Centre,Manitoba,94803,3.6,3365,3100,0.1,5460,4765,420,34795,40.8,15,25,40,35,90,0,5,10,0,1605,5,Ilocano,5759.31,8.81,36702.43,8.55,4.92,443.02
Battlefords--Lloydminster,Saskatchewan,70918,5.0,3430,3000,0,2870,1570,890,6725,38.4,5,40,80,35,60,10,0,40,10,1820,20,Cebuano,4046.93,56.69,9482.78,14.33,3.77,1254.97
Cypress Hills--Grasslands,Saskatchewan,68314,3.5,2195,1555,0,2670,1720,790,6915,43.6,5,20,70,30,30,0,0,40,0,1240,0,Cebuano,3908.42,45.93,10122.38,41.16,4.88,1156.42
Desnethé--Missinippi--Churchill River,Saskatchewan,71488,0.8,600,3000,0,1560,520,260,4790,31.2,10,5,25,5,5,0,0,0,0,310,0,Cebuano,2182.18,50.00,6700.43,-80.00,6.93,363.70
Carlton Trail--Eagle Creek,Saskatchewan,83395,2.2,1785,1135,0,3590,1020,445,9255,39.2,5,25,35,20,55,10,0,10,5,915,10,Ilocano,4304.81,43.63,11097.79,57.27,5.05,533.61
Moose Jaw--Lake Centre--Lanigan,Saskatchewan,80547,2.3,1805,1045,0,3185,1525,610,9940,43.2,0,30,50,35,10,10,0,5,0,930,0,Cebuano,3954.21,40.00,12340.62,72.73,4.67,757.32
Prince Albert,Saskatchewan,80845,2.8,2170,1670,0.1,3560,1660,750,8815,39.2,0,30,50,35,10,10,0,5,0,930,0,Cebuano,4403.49,45.18,10903.58,29.94,4.67,927.70
Regina--Lewvan,Saskatchewan,98492,5.8,5650,3695,0.1,5245,6145,1025,23625,37.6,10,30,65,15,25,0,0,10,0,1295,10,Cebuano,5325.31,16.68,23986.72,52.91,4.45,1040.69
Regina--Qu'Appelle,Saskatchewan,78140,4.1,3165,2345,0,2775,2445,565,9355,38.4,15,85,190,30,225,10,0,40,5,2560,10,Ilocano,3551.32,23.11,11972.10,34.97,7.1,723.06
Regina--Wascana,Saskatchewan,89087,4.2,3635,2665,0.1,4030,6625,865,22720,38.4,10,60,105,35,125,10,0,25,5,1590,10,Ilocano,4523.67,13.06,25503.16,36.40,6.33,970.96
Saskatoon--Grasswood,Saskatchewan,93277,3.0,2700,1645,0,5660,6315,675,26770,38,5,60,135,25,95,10,0,15,10,1970,5,Cebuano,6067.95,10.69,28699.47,64.13,5.79,723.65
Saskatoon--University,Saskatchewan,88348,3.3,2900,2465,0,5270,5885,720,25630,36.4,5,30,70,30,75,10,0,20,0,1490,5,Ilocano,5965.05,12.23,29010.28,17.65,4.32,814.96
Saskatoon West,Saskatchewan,87855,10.2,8765,6765,0,3840,4855,1455,13785,36.4,35,100,260,55,185,20,5,35,5,4865,15,Cebuano,4370.84,29.97,15690.63,29.56,4.66,1656.14
Souris--Moose Mountain,Saskatchewan,70579,4.0,2740,2195,0,2570,1555,995,6355,40.8,5,30,100,5,50,0,5,10,5,1365,5,Cebuano,3641.31,63.99,9004.09,24.83,6.33,1409.77
Yorkton--Melville,Saskatchewan,71220,3.2,2225,1870,0,2935,1270,410,6565,45.6,0,25,55,10,50,5,0,15,0,1145,0,Cebuano,4121.03,32.28,9217.92,18.98,4.21,575.68
Banff--Airdrie,Alberta,155580,3.3,4940,2860,0.1,6050,4840,1185,31480,38,15,35,75,35,85,5,0,25,10,2585,5,Ilocano,3888.67,24.48,20233.96,72.73,2.96,761.67
Battle River--Crowfoot,Alberta,107979,2.8,2790,2050,0,4425,1875,1030,10330,43.6,10,45,70,20,45,0,0,15,5,1380,10,Cebuano,4098.02,54.93,9566.68,36.10,4.37,953.89
Bow River,Alberta,119458,3.6,4120,3145,0.1,3550,3600,845,12215,38.4,20,90,180,65,130,0,0,25,5,1980,45,Cebuano,2971.76,23.47,10225.35,31.00,7.08,707.36
Calgary Centre,Alberta,130010,3.0,3830,3150,0.1,6695,8890,865,57120,36,5,40,80,50,110,0,0,15,5,1925,10,Ilocano,5149.60,9.73,43935.08,21.59,4.91,665.33
Calgary Confederation,Alberta,124064,2.4,2900,2675,0.1,6420,5690,655,49490,38.4,10,35,60,50,70,0,10,10,5,1370,5,Ilocano,5174.75,11.51,39890.70,8.41,4.31,527.95
Calgary Forest Lawn,Alberta,107939,11.6,12410,11000,0.1,3460,9030,2590,12845,39.2,30,120,245,140,650,25,0,65,25,6415,25,Ilocano,3205.51,28.68,11900.24,12.82,8.4,2399.50
Calgary Heritage,Alberta,109141,8.8,9510,8265,0.1,4815,5450,1760,32400,41.6,15,100,195,125,580,25,15,30,25,4680,35,Ilocano,4411.72,32.29,29686.37,15.06,9.96,1612.59
Calgary Midnapore,Alberta,129110,7.8,9915,6955,0.1,5375,6130,2000,32375,40.4,15,115,290,115,375,25,25,80,30,4940,25,Ilocano,4163.12,32.63,25075.52,42.56,6.21,1549.07
Calgary Nose Hill,Alberta,115287,4.5,5130,4295,0.1,4745,6755,895,31240,40.8,15,30,80,45,170,0,0,20,10,2605,5,Ilocano,4115.82,13.25,27097.59,19.44,5.7,776.32
Calgary Rocky Ridge,Alberta,145326,4.1,5875,4675,0,7565,7860,720,48475,38,15,40,145,45,135,10,0,25,10,2935,5,Cebuano,5205.54,9.16,33356.04,25.67,4.31,495.44
Calgary Shepard,Alberta,163447,7.8,12705,9230,0,7195,7425,2085,36415,37.2,30,105,265,110,480,45,5,85,25,6075,20,Ilocano,4402.04,28.08,22279.39,37.65,6.63,1275.64
Calgary Signal Hill,Alberta,122818,3.5,4285,4365,0.1,5810,5925,950,43505,40.8,5,40,100,95,170,5,5,20,15,1820,5,Ilocano,4730.58,16.03,35422.33,-1.83,7.46,773.50
Calgary Skyview,Alberta,159642,11.1,17655,13040,0.1,6595,18170,2965,33580,34,45,245,375,180,670,55,15,105,60,8490,15,Ilocano,4131.12,16.32,21034.56,35.39,6.53,1857.28
Edmonton Centre,Alberta,109125,5.1,5420,5885,0.1,5620,7485,1400,32040,38,20,60,155,120,185,5,10,25,10,2840,5,Ilocano,5150.06,18.70,29360.82,-7.90,5.39,1282.93
Edmonton Griesbach,Alberta,111699,4.9,5300,4090,0.2,3655,7020,1410,13995,40,15,30,155,95,140,5,0,35,10,2750,10,Cebuano,3272.19,20.09,12529.21,29.58,4.78,1262.32
Edmonton Manning,Alberta,132224,5.5,7195,4955,0.2,5750,7925,1420,18900,36.4,10,55,215,55,175,10,0,30,10,3545,10,Cebuano,4348.68,17.92,14293.93,45.21,5.22,1073.94
Edmonton Mill Woods,Alberta,125992,8.7,10810,8625,0.2,5075,10420,1840,24990,36,25,105,260,100,350,0,0,105,35,5570,15,Ilocano,4028.03,17.66,19834.59,25.33,5.33,1460.41
Edmonton Riverbend,Alberta,124144,4.2,5210,4695,0.1,7505,7505,1085,43180,39.6,15,45,150,55,130,0,0,35,10,2465,10,Cebuano,6045.40,14.46,34782.19,10.97,5.14,873.99
Edmonton Strathcona,Alberta,102188,2.7,2700,2960,0.2,6015,4155,805,35810,37.6,10,30,100,35,80,5,0,15,5,1355,10,Cebuano,5886.21,19.37,35043.25,-8.78,6.08,787.76
Edmonton West,Alberta,134194,14.3,18960,13730,0.1,7040,9570,4030,29735,38,30,180,475,220,810,85,15,110,65,9640,20,Ilocano,5246.14,42.11,22158.22,38.09,6.95,3003.11
Edmonton--Wetaskiwin,Alberta,209431,6.7,13940,8150,0.1,9765,13480,2795,43110,35.2,25,160,370,105,360,5,5,75,35,7070,20,Cebuano,4662.63,20.73,20584.35,71.04,4.5,1334.57
Foothills,Alberta,115118,2.7,3050,2235,0,4250,2215,1045,19895,44.8,35,50,95,50,80,0,5,20,5,1635,0,Cebuano,3691.86,47.18,17282.27,36.47,4.81,907.76
Fort McMurray--Cold Lake,Alberta,110163,6.5,7080,5720,0.1,2785,4765,2310,14345,34.8,15,90,140,60,215,25,0,35,30,3590,20,Ilocano,2528.07,48.48,13021.61,23.78,5.09,2096.89
Grande Prairie--Mackenzie,Alberta,119586,4.4,5130,3850,0.1,4115,3155,1590,11980,35.6,5,60,145,45,225,15,15,25,10,2595,20,Ilocano,3441.04,50.40,10017.90,33.25,7.12,1329.59
Lakeland,Alberta,105993,2.9,2930,2005,0,3640,1855,910,9715,41.2,5,35,75,35,80,5,0,15,5,1445,5,Ilocano,3434.19,49.06,9165.70,46.13,4.69,858.55
Lethbridge,Alberta,123847,2.0,2400,1815,0,6360,3645,760,19990,37.2,0,30,110,30,45,5,0,20,0,1385,0,Cebuano,5135.37,20.85,16140.88,32.23,6.77,613.66
Medicine Hat--Cardston--Warner,Alberta,108391,1.3,1340,850,0,4775,1820,505,11595,40.4,0,20,40,5,40,0,0,5,0,700,5,Cebuano & Ilocano,4405.35,27.75,10697.38,57.65,9.82,465.91
Peace River--Westlock,Alberta,107223,3.4,3540,2235,0.1,3090,1990,1220,7860,36.4,10,35,50,30,75,0,0,10,5,1695,5,Ilocano,2881.84,61.31,7330.52,58.39,3.92,1137.82
Red Deer--Mountain View,Alberta,120739,3.5,4060,3415,0,5620,2115,745,15400,41.6,15,45,95,35,160,0,0,25,5,2205,10,Ilocano,4654.67,35.22,12754.79,18.89,6.17,617.03
Red Deer--Lacombe,Alberta,131575,5.4,6965,4865,0,5720,3470,1855,13385,38,25,55,130,60,260,0,0,80,25,3285,30,Ilocano,4347.33,53.46,10172.91,43.17,6.58,1409.84
St. Albert--Edmonton,Alberta,130822,5.2,6720,4770,0.1,6305,3945,1135,25440,38.8,15,60,130,60,150,0,0,45,10,3290,5,Ilocano,4819.53,28.77,19446.27,40.88,3.98,867.59
Sherwood Park--Fort Saskatchewan,Alberta,126313,2.6,3290,2350,0,5320,2210,935,21180,40.8,5,20,45,20,60,0,0,20,15,1735,0,Ilocano,4211.76,42.31,16767.87,40.00,3.13,740.22
Sturgeon River--Parkland,Alberta,124849,1.8,2160,1535,0.1,4390,1370,585,13100,39.2,5,35,40,45,65,0,0,5,0,1085,0,Ilocano,3516.25,42.70,10492.68,40.72,5.08,468.57
Yellowhead,Alberta,99218,2.5,2440,1765,0,3000,1415,680,8240,42,0,30,65,40,65,5,5,15,5,1190,0,Cebuano & Ilocano,3023.64,48.06,8304.94,38.24,9.15,685.36
Abbotsford,British Columbia,110331,1.9,2105,1215,0,4385,4070,320,17465,40,20,10,55,5,90,0,0,5,5,930,0,Ilocano,3974.40,7.86,15829.64,73.25,8.04,290.04
Burnaby North--Seymour,British Columbia,108794,2.9,3065,2985,0,3720,5100,315,34785,41.6,0,20,55,25,105,0,0,10,0,1295,5,Ilocano,3419.31,6.18,31973.27,2.68,6.93,289.54
Burnaby South,British Columbia,120305,6.4,7635,6890,0,4385,10375,725,42870,40,15,55,115,85,270,10,10,55,5,3775,20,Ilocano,3644.90,6.99,35634.43,10.81,6.12,602.63
Cariboo--Prince George,British Columbia,111226,1.5,1605,1165,0,4095,1800,215,13820,41.6,0,45,60,15,30,0,0,10,0,680,5,Cebuano,3681.69,11.94,12425.15,37.77,7.09,193.30
Central Okanagan--Similkameen--Nicola,British Columbia,122340,0.9,1105,750,0,5090,1535,260,18770,50,0,15,25,10,35,0,0,0,0,600,0,Ilocano,4160.54,16.94,15342.49,47.33,5.11,212.52
Chilliwack--Hope,British Columbia,112037,1.4,1590,835,0,3810,1700,205,13425,42.8,0,15,55,0,55,0,0,10,10,645,0,Cebuano & Ilocano,3400.66,12.06,11982.65,90.42,13.92,182.98
Cloverdale--Langley City,British Columbia,130665,6.0,7835,4955,0,5045,6250,650,24335,38,20,55,160,70,235,0,15,40,15,3300,5,Ilocano,3861.02,10.40,18623.96,58.12,6,497.46
Coquitlam--Port Coquitlam,British Columbia,132004,3.8,4895,4510,0.1,4865,6790,455,36770,41.6,15,35,115,40,130,0,0,15,10,2340,5,Ilocano,3685.49,6.70,27855.22,8.54,4.81,344.69
Courtenay--Alberni,British Columbia,125116,0.9,1145,690,0,5040,1160,210,20460,54,0,5,40,5,10,0,0,10,0,480,5,Cebuano,4028.26,18.10,16352.82,65.94,7.2,167.84
Cowichan--Malahat--Langford,British Columbia,124247,1.6,2015,935,0,5355,2065,430,20675,44.8,5,20,65,20,55,0,0,0,0,935,0,Cebuano,4309.96,20.82,16640.24,115.51,5.9,346.08
Delta,British Columbia,110721,3.4,3765,2665,0,3805,4440,350,24150,44,5,30,65,35,105,0,0,20,5,1605,20,Ilocano,3436.57,7.88,21811.58,41.28,5.56,316.11
Fleetwood--Port Kells,British Columbia,124987,9.9,12310,10540,0,5655,8020,1055,29910,39.6,20,80,205,90,470,25,5,60,25,6025,20,Ilocano,4524.47,13.15,23930.49,16.79,6.69,844.09
Kamloops--Thompson--Cariboo,British Columbia,135492,0.9,1195,790,0,6090,1585,300,19905,45.2,0,10,30,10,40,0,0,10,0,525,0,Ilocano,4494.73,18.93,14690.90,51.27,6.4,221.42
Kelowna--Lake Country,British Columbia,136290,1.5,2050,1310,0,6870,3015,420,27580,42.4,5,20,65,20,75,0,0,5,0,945,5,Ilocano,5040.72,13.93,20236.26,56.49,6.58,308.17
Kootenay--Columbia,British Columbia,120759,0.9,1090,705,0,4355,2025,340,20040,45.2,0,0,25,5,15,0,0,5,0,550,0,Cebuano,3606.36,16.79,16595.04,54.61,4.16,281.55
Langley--Aldergrove,British Columbia,133168,1.9,2490,1660,0,4500,3685,230,24150,41.2,0,15,30,10,55,0,0,5,5,1155,0,Ilocano,3379.19,6.24,18134.99,50.00,4.31,172.71
Mission--Matsqui--Fraser Canyon,British Columbia,101216,0.8,840,585,0,3050,2575,85,11445,41.2,0,0,20,5,20,0,0,5,0,455,0,Cebuano & Ilocano,3013.36,3.30,11307.50,43.59,7.92,83.98
Nanaimo--Ladysmith,British Columbia,134509,1.2,1620,1095,0,6070,2440,235,25555,47.2,5,15,50,10,40,5,0,10,0,770,0,Cebuano,4512.71,9.63,18998.73,47.95,5.52,174.71
New Westminster--Burnaby,British Columbia,125253,9.0,11040,9675,0,5550,9260,1000,37130,40.4,25,80,215,130,345,35,10,75,50,5450,25,Ilocano,4431.03,10.80,29644.00,14.11,5.36,798.38
North Okanagan--Shuswap,British Columbia,136520,0.8,1055,600,0,5310,1225,250,17225,51.6,0,20,30,10,20,0,0,0,0,500,0,Cebuano,3889.54,20.41,12617.20,75.83,5.16,183.12
North Vancouver,British Columbia,123025,4.4,5360,4665,0.1,5280,6255,835,44965,43.2,20,35,70,60,405,10,0,20,15,2345,10,Ilocano,4291.81,13.35,36549.48,14.90,13.55,678.72
Pitt Meadows--Maple Ridge,British Columbia,110416,3.5,3815,2485,0,3925,2585,410,17260,41.6,5,15,60,40,50,0,0,5,5,1670,10,Cebuano,3554.74,15.86,15631.79,53.52,3.22,371.32
Port Moody--Coquitlam,British Columbia,114853,3.7,4210,4035,0,4415,5175,350,33635,41.6,5,20,95,70,125,0,0,15,5,1880,0,Ilocano,3844.04,6.76,29285.26,4.34,5.64,304.74
Prince George--Peace River--Northern Rockies,British Columbia,108998,2.6,2755,1845,0,3325,1905,720,11280,38,20,20,100,15,50,0,0,35,5,1395,5,Cebuano,3050.51,37.80,10348.81,49.32,6.08,660.56
Richmond Centre,British Columbia,107707,6.1,6495,5915,0,3195,7800,845,36255,43.2,20,35,110,75,200,0,10,70,30,3455,20,Ilocano,2966.38,10.83,33660.76,9.81,4.97,784.54
Esquimalt--Saanich--Sooke,British Columbia,128644,2.2,2830,2370,0.1,5725,3040,560,28205,44,5,60,80,25,65,10,0,10,5,1390,0,Cebuano,4450.27,18.42,21924.85,19.41,4.85,435.31
Saanich--Gulf Islands,British Columbia,113541,1.4,1605,1185,0,4640,1975,240,34145,52.4,5,10,40,40,40,0,0,0,0,740,0,Mixed (more than two),4086.63,12.15,30072.84,35.44,13.71,211.38
Skeena--Bulkley Valley,British Columbia,89689,1.1,965,760,0,2940,1040,180,10180,41.2,0,10,40,10,20,0,0,0,0,440,0,Cebuano,3277.99,17.31,11350.33,26.97,7.68,200.69
South Okanagan--West Kootenay,British Columbia,123487,0.8,995,695,0,5255,1270,165,17320,53.2,0,15,25,10,30,0,0,0,0,430,0,Ilocano,4255.51,12.99,14025.77,43.17,5.88,133.62
South Surrey--White Rock,British Columbia,119672,2.1,2460,1340,0,4435,5140,310,33035,47.6,0,25,30,15,50,0,0,5,0,915,5,Ilocano,3705.96,6.03,27604.62,83.58,4.78,259.04
Steveston--Richmond East,British Columbia,102230,8.5,8635,7655,0,3420,5900,740,30200,43.6,25,50,180,80,220,0,5,45,10,4285,10,Ilocano,3345.40,12.54,29541.23,12.80,4.48,723.86
Surrey Centre,British Columbia,131670,10.3,13365,10710,0.1,5035,13060,1750,25450,36,35,170,315,155,560,30,5,45,40,6695,25,Ilocano,3823.95,13.40,19328.62,24.79,6.93,1329.08
Surrey--Newton,British Columbia,122264,4.7,5650,5485,0,4220,9840,575,22985,36,15,80,135,50,240,15,0,35,10,2705,10,Ilocano,3451.55,5.84,18799.48,3.01,7.28,470.29
Vancouver Centre,British Columbia,126995,2.0,2525,2075,0.1,5370,11950,170,65115,38.4,10,10,30,10,35,0,0,5,5,1110,5,Ilocano,4228.51,1.42,51273.67,21.69,2.87,133.86
Vancouver East,British Columbia,118675,4.5,5170,5130,0.1,4485,5105,385,38915,39.2,15,35,100,75,215,10,5,15,10,2345,10,Ilocano,3779.23,7.54,32791.24,0.78,7.58,324.42
Vancouver Granville,British Columbia,109799,3.7,3970,3740,0.1,6185,6480,480,51165,40,15,25,75,75,155,5,10,10,10,1940,10,Ilocano,5633.02,7.41,46598.79,6.15,6.65,437.16
North Island--Powell River,British Columbia,111825,0.8,925,760,0,4615,995,130,16300,50.8,0,5,30,20,30,0,0,10,5,400,0,Cebuano & Ilocano,4126.98,13.07,14576.35,21.71,12,116.25
Vancouver Kingsway,British Columbia,108054,12.4,13280,12975,0,4915,5970,1390,30750,39.6,35,55,205,165,745,10,15,110,45,6595,20,Ilocano,4548.65,23.28,28457.99,2.35,9.31,1286.39
Vancouver Quadra,British Columbia,109328,1.3,1420,995,0.1,4665,6960,125,53450,40.4,0,10,10,30,30,0,0,0,0,515,5,Hiligaynon & Ilocano,4266.98,1.80,48889.58,42.71,10,114.33
Vancouver South,British Columbia,109339,11.5,12420,11680,0,4720,6710,1900,30025,41.2,45,90,235,220,665,10,25,65,35,6230,15,Ilocano,4316.85,28.32,27460.47,6.34,8.71,1737.71
Victoria,British Columbia,123482,2.3,2775,2045,0,6785,3960,680,47490,44.4,0,35,80,35,120,5,0,10,0,1345,10,Ilocano,5494.73,17.17,38459.05,35.70,7.32,550.69
West Vancouver--Sunshine Coast--Sea to Sky Country,British Columbia,131206,1.7,2215,2010,0,4595,5185,230,41110,45.6,10,15,65,25,65,10,0,0,0,1050,0,Cebuano & Ilocano,3502.13,4.44,31332.41,10.20,10.48,175.30
Yukon,Yukon,40232,4.9,1945,1195,0.2,1525,1125,230,8965,39.2,5,20,80,70,50,0,0,20,0,985,10,Cebuano,3790.52,20.44,22283.26,62.76,6.45,571.68
Northwest Territories,Northwest Territories,41070,4.1,1665,1300,0.2,1310,810,275,7070,35.6,5,20,60,30,65,0,0,10,5,790,5,Ilocano,3189.68,33.95,17214.51,28.08,6.57,669.59
Nunavut,Nunavut,36858,0.9,315,230,0.2,540,240,50,2605,25.6,0,5,0,5,10,0,0,0,0,185,5,Ilocano,1465.08,20.83,7067.67,36.96,4.76,135.66